{
  "model": "meta-llama/Llama-3.2-1B",
  "total_params": 1235814400,
  "trainable_params": 851968,
  "trainable_pct": 0.0689,
  "dataset": "bitext/Bitext-customer-support-llm-chatbot-training-dataset",
  "n_samples": 500,
  "epochs": 3,
  "lr": 0.0002,
  "all_losses": [
    2.1654868125915527,
    1.7286608219146729,
    1.5589792728424072,
    1.3271777629852295,
    1.4246608018875122,
    0.9952957630157471,
    1.0186245441436768,
    0.8935396075248718,
    0.7573379278182983,
    0.9532824158668518,
    0.8920707106590271,
    0.8137653470039368,
    0.6883272528648376,
    0.6200780868530273,
    0.9154081344604492,
    0.7594884037971497,
    0.6821648478507996,
    0.7072252035140991,
    0.6576928496360779,
    0.7846989035606384,
    0.6757964491844177,
    0.6351367235183716,
    0.6727631688117981,
    0.549142599105835,
    0.5583914518356323,
    0.688734769821167,
    0.8766043186187744,
    0.5562718510627747,
    0.6303290724754333,
    0.6268606781959534,
    0.5230048894882202,
    0.5862311720848083,
    0.6848703026771545,
    0.5376072525978088,
    0.6104280948638916,
    0.5730664134025574,
    0.5884893536567688,
    0.5480355024337769,
    0.5869491100311279,
    0.6018444895744324,
    0.5634570717811584,
    0.543397843837738,
    0.47949710488319397,
    0.565565288066864,
    0.6763507127761841,
    0.530350387096405,
    0.4194547235965729,
    0.5892415642738342,
    0.656841516494751,
    0.5654634833335876,
    0.5302067995071411,
    0.4980626404285431,
    0.6550633907318115,
    0.5347934365272522,
    0.47808709740638733,
    0.4896797239780426,
    0.5788798928260803,
    0.5430818796157837,
    0.7013004422187805,
    0.52555251121521,
    0.5201420783996582,
    0.5069706439971924,
    0.601148784160614,
    0.599177360534668,
    0.48660990595817566,
    0.47749996185302734,
    0.526251494884491,
    0.5446955561637878,
    0.4978369474411011,
    0.5139233469963074,
    0.5538060665130615,
    0.4637773633003235,
    0.46662402153015137,
    0.671413242816925,
    0.50016188621521,
    0.5435602068901062,
    0.5400030016899109,
    0.5272852778434753,
    0.5139961242675781,
    0.4956861436367035,
    0.531113862991333,
    0.7751813530921936,
    0.45283567905426025,
    0.5691413879394531,
    0.45257487893104553,
    0.5241754055023193,
    0.62620609998703,
    0.4774029850959778,
    0.47794780135154724,
    0.5188701748847961,
    0.471962034702301,
    0.4808962345123291,
    0.5956264138221741,
    0.62191241979599,
    0.450289249420166,
    0.5078510642051697,
    0.546051025390625,
    0.48123323917388916,
    0.5005089640617371,
    0.638382077217102,
    0.4553206264972687,
    0.6589668393135071,
    0.576345682144165,
    0.5160348415374756,
    0.5826689004898071,
    0.45453763008117676,
    0.5685654878616333,
    0.502400279045105,
    0.7641400098800659,
    0.5323778986930847,
    0.5236589908599854,
    0.4354409873485565,
    0.5192285776138306,
    0.7610667943954468,
    0.6903649568557739,
    0.6096833348274231,
    0.45224106311798096,
    0.4092830717563629,
    0.43477877974510193,
    0.541662335395813,
    0.5883548259735107,
    0.46824467182159424,
    0.546980082988739,
    0.4864542782306671,
    0.5858525633811951,
    0.3556101322174072,
    0.43000099062919617,
    0.49074801802635193,
    0.45145779848098755,
    0.4602195620536804,
    0.43071427941322327,
    0.4684479236602783,
    0.47435420751571655,
    0.4528077244758606,
    0.425670862197876,
    0.39579910039901733,
    0.5256893634796143,
    0.6121602058410645,
    0.5245115160942078,
    0.41717737913131714,
    0.5235912799835205,
    0.4986580014228821,
    0.5369694232940674,
    0.5284109115600586,
    0.3685053884983063,
    0.4709365963935852,
    0.39684855937957764,
    0.3496077060699463,
    0.5988081097602844,
    0.46420198678970337,
    0.526911199092865,
    0.3869079053401947,
    0.49671846628189087,
    0.4704275131225586,
    0.5459171533584595,
    0.43833494186401367,
    0.6662851572036743,
    0.5452454686164856,
    0.5139650106430054,
    0.45830363035202026,
    0.4842544198036194,
    0.46739301085472107,
    0.4757821261882782,
    0.40688320994377136,
    0.41928061842918396,
    0.41483625769615173,
    0.4201129972934723,
    0.4688197076320648,
    0.5532423257827759,
    0.5331866145133972,
    0.5344125628471375,
    0.423166960477829,
    0.44401752948760986,
    0.5012347102165222,
    0.424579381942749,
    0.386636883020401,
    0.5107792019844055,
    0.43803685903549194,
    0.5190778970718384,
    0.5332606434822083,
    0.507468044757843,
    0.3943905234336853,
    0.5367144346237183,
    0.45141929388046265,
    0.475864976644516,
    0.5001795887947083,
    0.48624637722969055,
    0.5593438744544983,
    0.45254242420196533,
    0.40417081117630005,
    0.628969669342041,
    0.5221077799797058,
    0.39454877376556396,
    0.5430535674095154,
    0.4143185317516327,
    0.46708187460899353,
    0.4733218848705292,
    0.4388652741909027,
    0.6304765343666077,
    0.4068438410758972,
    0.4248870611190796,
    0.5503925085067749,
    0.7407724261283875,
    0.6840187907218933,
    0.46376529335975647,
    0.4763135015964508,
    0.5077055096626282,
    0.46616730093955994,
    0.47996243834495544,
    0.4421747922897339,
    0.6009086966514587,
    0.438518762588501,
    0.46995288133621216,
    0.36894193291664124,
    0.48257067799568176,
    0.48711925745010376,
    0.5557958483695984,
    0.41598808765411377,
    0.6197903752326965,
    0.4483613669872284,
    0.4224599301815033,
    0.4449562132358551,
    0.4338318705558777,
    0.44007861614227295,
    0.411082923412323,
    0.5119270086288452,
    0.484745055437088,
    0.48733311891555786,
    0.523190975189209,
    0.40639883279800415,
    0.43124037981033325,
    0.44179511070251465,
    0.4240216910839081,
    0.5052470564842224,
    0.5351707339286804,
    0.41169142723083496,
    0.4157651662826538,
    0.507638156414032,
    0.37488773465156555,
    0.4986788332462311,
    0.6226614117622375,
    0.4409348666667938,
    0.3574390411376953,
    0.39251604676246643,
    0.4375145435333252,
    0.4396992623806,
    0.5437085628509521,
    0.4234296381473541,
    0.4131578505039215,
    0.4714306890964508,
    0.44223126769065857,
    0.4533109962940216,
    0.4182318449020386,
    0.380759596824646,
    0.48123475909233093,
    0.441132128238678,
    0.3850426971912384,
    0.37919557094573975,
    0.4009428918361664,
    0.40500354766845703,
    0.4268355071544647,
    0.39909595251083374,
    0.34355178475379944,
    0.39617720246315,
    0.4316287040710449,
    0.414988249540329,
    0.4358774423599243,
    0.5012145042419434,
    0.381381630897522,
    0.41181209683418274,
    0.4137481451034546,
    0.42121732234954834,
    0.4817880094051361,
    0.4595206081867218,
    0.4987504482269287,
    0.36693814396858215,
    0.42957204580307007,
    0.4131295382976532,
    0.46937793493270874,
    0.44524386525154114,
    0.4150499701499939,
    0.4754822552204132,
    0.6114329695701599,
    0.43814313411712646,
    0.40139925479888916,
    0.4167366623878479,
    0.38133856654167175,
    0.43321919441223145,
    0.4595385789871216,
    0.4369526505470276,
    0.3437882363796234,
    0.3797432780265808,
    0.4339442849159241,
    0.41074952483177185,
    0.46546801924705505,
    0.46335867047309875,
    0.45191293954849243,
    0.3729293942451477,
    0.4243355393409729,
    0.5652124285697937,
    0.4159468710422516,
    0.4126916229724884,
    0.4654954671859741,
    0.3912242650985718,
    0.37304845452308655,
    0.3330017030239105,
    0.3707886338233948,
    0.44774961471557617,
    0.46270453929901123,
    0.43180111050605774,
    0.4386739134788513,
    0.3970066010951996,
    0.3572351634502411,
    0.4342034161090851,
    0.4283120334148407,
    0.4306871294975281,
    0.42872825264930725,
    0.3877774477005005,
    0.41436049342155457,
    0.4267524182796478,
